name,from
onceuponabento,litaloveslunch
lunchwithsebastian,lunch_obsessed
flavioportino,homecookingcollective
forevernomadssueandbaz,school_lunchbox_inspo
kitchenkathukutty,recipes
busypeopleeat,bentoboxlunch
mtneborailwaycarriage,thatlunchboxmom
joshi.anuja24,recipeoftheday
ilovelunches,lunch_obsessed
true_california,homecookingcollective
bagtaesun5080,thatlunchboxmom
fooddie_mood,homecookingcollective
nutritiouslifekay,healthyrecipes
food.by.shima,homecookingcollective
essentialwellness_jesamine,healthyrecipes
grubgrub23,thatlunchboxmom
jenny_loves_cooking_n_fashion,fortheloveof_lunchboxes
sishoodofthetravelingfork,lunchinspo
kirari155,bentoboxlunch
brookes_fun_bento,chrisnicol_lunchboxes
brookes_fun_bento,chrisnicol_lunchboxes
im.lamlam.eat,lunchideas
oki.singapore,recipeoftheday
mad.basketball,chrisnicol_lunchboxes
nickyveysey,tavvakitchen
hellmannsau,chrisnicol_lunchboxes
mama.chan.syd,thatlunchboxmom
rca_made,fortheloveof_lunchboxes
cape_chef,homecookingcollective
ketodait8,homecookingcollective
busy_bees_kitchen,lunchinspo
grubgrub23,thatlunchboxmom
momztries,lunchinspo
rubix.23,thatlunchboxmom
lunch_obsessed,litaloveslunch
australian.grown.naturals,school_lunchbox_inspo
hilariousfoodydude,thatlunchboxmom
georgiawoodleigh,chrisnicol_lunchboxes
little_hungry_tummies,fortheloveof_lunchboxes
kiddiefoodieadventures,lunchideas
delightedtoshare,homecookingcollective
naijacanadianbentomom,lunch_obsessed
my.twinado.life,lunch_obsessed
school_lunchbox_inspo,chrisnicol_lunchboxes
grubgrub23,thatlunchboxmom
damaltianyee,thatlunchboxmom
lunchesformymunchkins,fortheloveof_lunchboxes
brown_sugar_brownie,bentoboxlunch
kiddiefoodieadventures,lunchideas
michellej_ayne,fortheloveof_lunchboxes
cooking_with_bear,healthyrecipes
pro.basic.rights,thatlunchboxmom
kids_bento_lunch,fortheloveof_lunchboxes
legalandgeneralaffordable,null
livelaughloveinsurance,tavvakitchen
mybento_aus,lunch_obsessed
tigeramericacorp,recipeideas
acoupleofoodnuts,homecookingcollective
seasonedbysylvs,homecookingcollective
meggles429,lunch_obsessed
lunchlifemama,chrisnicol_lunchboxes
jenny_loves_cooking_n_fashion,fortheloveof_lunchboxes
cookingsqueen,bentoboxlunch
oonihq,recipeideas
shanrain10,bento_box_lunches
rca_made,fortheloveof_lunchboxes
colddustgrl,bento_box_lunches
jimungee,fortheloveof_lunchboxes
cooktasteofficial,homecookingcollective
my_gousto_meals,healthyrecipes
kiddiefoodieadventures,school_lunchbox_inspo
school_lunchbox_inspo,chrisnicol_lunchboxes
thisisdelhi,recipes
amazing.grace.flowers,litaloveslunch
mycutiesfunfoods,litaloveslunch
mummytomkins,lunch_obsessed
mrs.lillireimer,lunch_obsessed
thebacontarian,bento_box_lunches
fit4lifepartner,lunchideas
georgiawoodleigh,chrisnicol_lunchboxes
null,null
world.of.yuvi,thatlunchboxmom
dfs_chef,homecookingcollective
kimsayid,homecookingcollective
portiabelloclowndes,homecookingcollective
fooddie_mood,homecookingcollective
null,bento_box_lunches
the_plant_nerd,bento_box_lunches
underbakedisbest,thatlunchboxmom
sarzies_mad_life,lunchinspo
knkemart,recipeoftheday
food.by.shima,homecookingcollective
underbakedisbest,thatlunchboxmom
meggles429,lunch_obsessed
mycutiesfunfoods,litaloveslunch
britishsausageco,lunch_obsessed
the_slimanis21,bento_box_lunches
petersflseafood,homecookingcollective
world.of.yuvi,thatlunchboxmom
foodiefinds_gta,recipes
fooda_ndsnack,lunch_obsessed
friendsofthechef,healthyrecipes
ma_ki813,school_lunchbox_inspo
hilariousfoodydude,thatlunchboxmom
dailybread369,school_lunchbox_inspo
wiha_cake,bentoboxlunch
mami.s506,lunchbox
amoverona.it,recipeoftheday
dadskitchenfairoaks,lunchideas
foodiistaa,recipeideas
makinglittlelunches,lunch_obsessed
blacksheepnutrition,recipeideas
cooktasteofficial,homecookingcollective
damaltianyee,thatlunchboxmom
waterattackpressurewashing,chrisnicol_lunchboxes
toxicfreewellness,thatlunchboxmom
ruby_taty,thatlunchboxmom
the.bluebento,chrisnicol_lunchboxes
britishsausageco,lunch_obsessed
null,thatlunchboxmom
waxwrapuk,lunchboxinspiration
septonajordan,lunchbox
opticalspectrumlasolas,homecookingcollective
seasonedbysylvs,homecookingcollective
professionalfoodstylist,recipeoftheday
what.sofiaeats,lunch_obsessed
nahmakan.id,recipeoftheday
ibislunch,fortheloveof_lunchboxes
damaltianyee,thatlunchboxmom
lunchboxkm,lunchbox
alisharicetattoo,bento_box_lunches
bentokidslunch,lunch_obsessed
thecooleats,lunchinspo
sweetescapespa209,thatlunchboxmom
tinastoryteller_cosyrealm,healthyrecipes
kidzprep,fortheloveof_lunchboxes
livelaughloveinsurance,tavvakitchen
laura_bruj,tavvakitchen
lunchwithsebastian,lunch_obsessed
null,bento_box_lunches
null,homecookingcollective
damaltianyee,thatlunchboxmom
ika_meihui,homecookingcollective
theyumboxmama,litaloveslunch
jimungee,fortheloveof_lunchboxes
mad.basketball,chrisnicol_lunchboxes
waterattackpressurewashing,chrisnicol_lunchboxes
grubsforbubs,litaloveslunch
meggles429,lunch_obsessed
evesediblegarden,recipeideas
jimungee,fortheloveof_lunchboxes
my_chef_and_me,homecookingcollective
teukoapp,fortheloveof_lunchboxes
evelyns_lunchbox,fortheloveof_lunchboxes
_apples_and_bananas,lunch_obsessed
hl_1997,lunch_obsessed
simplebreakfastfun,fortheloveof_lunchboxes
rebeccaharrop7783,fortheloveof_lunchboxes
portiabelloclowndes,homecookingcollective
noahs.nibbles,school_lunchbox_inspo
lunchboxforlulu,fortheloveof_lunchboxes
vegan_booty_builder,recipes
kai_and_lunches,lunch_obsessed
easyweightlosstip,lunchinspo
kai_and_lunches,lunch_obsessed
makinglittlelunches,lunch_obsessed
forevernomadssueandbaz,school_lunchbox_inspo
mrs.lillireimer,lunch_obsessed
australianvegans,thatlunchboxmom
accartbooksus,recipeideas
bbcgoodfoodme,recipeideas
tamarikibento,chrisnicol_lunchboxes
dailybread369,school_lunchbox_inspo
pepolinoverde,recipes
941srq,thatlunchboxmom
4everfloless,thatlunchboxmom
mrs.lillireimer,lunch_obsessed
hellmannsau,chrisnicol_lunchboxes
parthaviskitchen,recipes
charuskitchen.recipes,recipeoftheday
alisharicetattoo,bento_box_lunches
foodfeast.lb,homecookingcollective
kodawarisan,bentoboxlunch
mybento_aus,lunch_obsessed
lunch_obsessed,fortheloveof_lunchboxes
is.maru,thatlunchboxmom
hl_1997,lunch_obsessed
melly201286,homecookingcollective
hilariousfoodydude,thatlunchboxmom
laurenl412,lunch_obsessed
tynan_health,recipeoftheday
mybento_aus,lunch_obsessed
seaclairedrinks,homecookingcollective
ibislunch,fortheloveof_lunchboxes
mama.chan.syd,thatlunchboxmom
the_slimanis21,bento_box_lunches
tamarikibento,chrisnicol_lunchboxes
hellobentoph,chrisnicol_lunchboxes
lunch_obsessed,fortheloveof_lunchboxes
alisharicetattoo,bento_box_lunches
dfs_chef,homecookingcollective
waterattackpressurewashing,chrisnicol_lunchboxes
teukoapp,fortheloveof_lunchboxes
rei0908_,lunchbox
null,healthyrecipes
annelaure_druais,lunchbox
tukangkuweh,bentoboxlunch
the_plant_nerd,bento_box_lunches
tully_skincare,fortheloveof_lunchboxes
kindylunchboxes,bentoboxlunch
sandrasfikaomat,lunchinspo
ghagengates,bento_box_lunches
australianvegans,thatlunchboxmom
my_chef_and_me,homecookingcollective
livelaughloveinsurance,tavvakitchen
naijacanadianbentomom,lunch_obsessed
teukoapp,fortheloveof_lunchboxes
kira_johnston1990,chrisnicol_lunchboxes
meggles429,lunch_obsessed
mrs_emma_b,tavvakitchen
the_slimanis21,bento_box_lunches
pecadocolombiano,lunchbox
chefgeorgesguillaume,lunchideas
megmarvin,tavvakitchen
audrey_norlen,homecookingcollective
lunchwithsebastian,lunch_obsessed
mavis.sin,bentoboxlunch
null,null
healthy.tips101,healthyrecipes
loveindabba,fortheloveof_lunchboxes
kiddiefoodieadventures,fortheloveof_lunchboxes
oliviasanfranfit,lunchboxinspiration
crunchymamainthesix,chrisnicol_lunchboxes
vanilla_infinite,bentoboxlunch
pro.basic.rights,thatlunchboxmom
mycutiesfunfoods,chrisnicol_lunchboxes
onceuponabento,litaloveslunch
soy.foodiliciouss,bentoboxlunch
my.twinado.life,chrisnicol_lunchboxes
kumazkyoko,bentoboxlunch
easy_familienkueche,fortheloveof_lunchboxes
veganketoaf,thatlunchboxmom
null,null
null,thatlunchboxmom
mrs.lillireimer,lunch_obsessed
audrey_norlen,homecookingcollective
lynseys_lunches,fortheloveof_lunchboxes
naoiseats,recipeideas
wearemtjl,chrisnicol_lunchboxes
thebacontarian,bento_box_lunches
quah911,bentoboxlunch
kianaanoriko,homecookingcollective
lynseys_lunches,fortheloveof_lunchboxes
alicecripps_,homecookingcollective
fridgetogo,lunchinspo
lunchwithsebastian,lunch_obsessed
pickyhealthylunchbox,lunchboxinspiration
simplebreakfastfun,fortheloveof_lunchboxes
lunch_obsessed,fortheloveof_lunchboxes
hungryhooha,lunchideas
consciouslynutritious,lunchinspo
lunchboxforlulu,fortheloveof_lunchboxes
bentojaponaise,lunch_obsessed
jeeaayanu_kitchen,recipeideas
frituur_arrepatat,lunchbox
brookes_fun_bento,chrisnicol_lunchboxes
kidskitchengh,chrisnicol_lunchboxes
eastofeden17,lunchideas
ailunarai,litaloveslunch
little_hungry_tummies,fortheloveof_lunchboxes
null,lunchbox
freshpressedoliveoilclub,recipeoftheday
madpakkemaskinen,school_lunchbox_inspo
4everfloless,thatlunchboxmom
kazbahfalafel,lunchinspo
lunchlifemama,chrisnicol_lunchboxes
pro.basic.rights,thatlunchboxmom
easy_familienkueche,fortheloveof_lunchboxes
tamarikibento,chrisnicol_lunchboxes
lilaslunchbox,fortheloveof_lunchboxes
moon_tast._millennials,bento_box_lunches
dietitianlili,lunch_obsessed
financecorp_mortgagebroker,fortheloveof_lunchboxes
seaclairedrinks,homecookingcollective
aakriti05jindal,chrisnicol_lunchboxes
mummytomkins,lunch_obsessed
aakriti05jindal,chrisnicol_lunchboxes
naty_shoot,homecookingcollective
kidsschoollunchbox,lunchboxinspiration
azziah_harun,school_lunchbox_inspo
megmarvin,tavvakitchen
ingridaphill,lunchbox
lunchwithsebastian,lunch_obsessed
hamimosmallthings,bentoboxlunch
my.twinado.life,chrisnicol_lunchboxes
ma_ki813,school_lunchbox_inspo
moon_tast._millennials,bento_box_lunches
reallunchbox,lunchboxinspiration
seaclairedrinks,homecookingcollective
obsessed_lunchboxmum,chrisnicol_lunchboxes
marwen_mbarek_6,homecookingcollective
teukoapp,fortheloveof_lunchboxes
forevernomadssueandbaz,school_lunchbox_inspo
delightedtoshare,homecookingcollective
moon_tast._millennials,bento_box_lunches
stephsfoodkitchen,recipeideas
teukoapp,fortheloveof_lunchboxes
bentojaponaise,lunch_obsessed
kuyamotochiswick,lunchideas
unbridledholistichealth,recipeoftheday
tavvakitchen,tavvakitchen
comidasypostresceleste,healthyrecipes
mama26ducklins,homecookingcollective
lilaslunchbox,school_lunchbox_inspo
bentounboxed,fortheloveof_lunchboxes
portiabelloclowndes,homecookingcollective
_apples_and_bananas,lunch_obsessed
grubgrub23,thatlunchboxmom
true_california,homecookingcollective
sweetescapespa209,thatlunchboxmom
world.of.yuvi,thatlunchboxmom
foodjourneyswithjerry,thatlunchboxmom
bumpli.de,lunchbox
a_daring_girl,thatlunchboxmom
bentounboxed,fortheloveof_lunchboxes
delightedtoshare,homecookingcollective
lunch_obsessed,litaloveslunch
mythreelittlekittens,chrisnicol_lunchboxes
elcesto.id,lunchbox
bentounboxed,fortheloveof_lunchboxes
marwallpods,lunchboxinspiration
lunchboxsofa,bentoboxlunch
sglunchboxlove,bentoboxlunch
fooda_ndsnack,lunch_obsessed
ed_her6,homecookingcollective
aakriti05jindal,chrisnicol_lunchboxes
moon_tast._millennials,bento_box_lunches
grubgrub23,thatlunchboxmom
mocchiri.senyuu,bentoboxlunch
acoupleofoodnuts,homecookingcollective
brookes_fun_bento,chrisnicol_lunchboxes
letsvcook,recipes
calisebakery,recipeideas
cloemae_healthyliving_,lunchbox
true_california,homecookingcollective
ika_meihui,homecookingcollective
mo.cookin,lunchinspo
veggieventure_,recipes
financecorp_mortgagebroker,fortheloveof_lunchboxes
heidisboble,lunch_obsessed
yuu_ka_rin,bentoboxlunch
thebookishcookier,thatlunchboxmom
twopittiesandakittie,lunchbox
cosasricasydebuenver,recipes
happyv_planet,thatlunchboxmom
wooptonight,tavvakitchen
nadinestoop,fortheloveof_lunchboxes
the.bluebento,chrisnicol_lunchboxes
brownieshitsbandung,bentoboxlunch
ailunarai,litaloveslunch
lazysusanchinese,lunchinspo
petersflseafood,homecookingcollective
serena_sky1_,lunchboxinspiration
georgiawoodleigh,chrisnicol_lunchboxes
petersflseafood,homecookingcollective
cooktasteofficial,homecookingcollective
my.twinado.life,chrisnicol_lunchboxes
cape_chef,homecookingcollective
megmarvin,tavvakitchen
drinksonhouse,lunch_obsessed
lunchesformymunchkins,chrisnicol_lunchboxes
mad.basketball,chrisnicol_lunchboxes
lunchlifemama,chrisnicol_lunchboxes
my_chef_and_me,homecookingcollective
null,null
yuanabout,lunch_obsessed
heartlovecakes,bentoboxlunch
mtneborailwaycarriage,thatlunchboxmom
rasoiniduniyaa,recipes
seaweedsupermarket,fortheloveof_lunchboxes
true_california,homecookingcollective
oliviagraces_kitchen,recipeideas
saltandpepperhome,recipeideas
kiddiefoodieadventures,fortheloveof_lunchboxes
school_lunchbox_inspo,lunch_obsessed
kooking_withk,lunchideas
alisharicetattoo,bento_box_lunches
waterattackpressurewashing,chrisnicol_lunchboxes
ms_mwebesa,recipeoftheday
school_lunchbox_inspo,chrisnicol_lunchboxes
jojoeatsbrunei,lunch_obsessed
null,lunch_obsessed
ibislunch,fortheloveof_lunchboxes
kianaanoriko,homecookingcollective
mycutiesfunfoods,chrisnicol_lunchboxes
atozmom85,tavvakitchen
marwen_mbarek_6,homecookingcollective
ika_meihui,homecookingcollective
lunchlifemama,chrisnicol_lunchboxes
huaweimobileservicesglobal,lunchinspo
kiddiefoodieadventures,school_lunchbox_inspo
the_plant_nerd,bento_box_lunches
4everfloless,thatlunchboxmom
aliciakfit,lunchinspo
laura_bruj,tavvakitchen
what.sofiaeats,lunch_obsessed
kira_johnston1990,chrisnicol_lunchboxes
kira_johnston1990,chrisnicol_lunchboxes
lunchesbywhitney,lunchinspo
underbakedisbest,thatlunchboxmom
tatsunootoshigo64,lunchbox
amydkw,lunch_obsessed
941srq,thatlunchboxmom
bentounboxed,fortheloveof_lunchboxes
null,recipeideas
null,null
noahs.nibbles,school_lunchbox_inspo
rhythmofcooking_0,recipeideas
hilariousfoodydude,thatlunchboxmom
australianvegans,thatlunchboxmom
lunchlifemama,chrisnicol_lunchboxes
foodfeast.lb,homecookingcollective
marwen_mbarek_6,homecookingcollective
lilaslunchbox,fortheloveof_lunchboxes
mybento_aus,lunch_obsessed
rebeccaharrop7783,fortheloveof_lunchboxes
4everfloless,thatlunchboxmom
underbakedisbest,thatlunchboxmom
ceylonta_,lunchbox
noahs.nibbles,school_lunchbox_inspo
kidskitchengh,chrisnicol_lunchboxes
seaweedsupermarket,fortheloveof_lunchboxes
thebacontarian,bento_box_lunches
tamarikibento,chrisnicol_lunchboxes
catgetsfitonww,healthyrecipes
lv_foodiary,bentoboxlunch
carrieboos,lunch_obsessed
bentojaponaise,lunch_obsessed
lunchbox.envy,lunchinspo
the_toy_chest_au,school_lunchbox_inspo
malunchboxdujour,bentoboxlunch
jermainemorton,homecookingcollective
benslimenenour9,homecookingcollective
rebeccaharrop7783,fortheloveof_lunchboxes
laura_bruj,tavvakitchen
null,homecookingcollective
priyankascakecreations,thatlunchboxmom
mycutiesfunfoods,litaloveslunch
lunch_obsessed,litaloveslunch
is.maru,thatlunchboxmom
drlaurawyness,recipeideas
heidisboble,lunch_obsessed
theyumboxmama,litaloveslunch
bentokidslunch,lunch_obsessed
crunchymamainthesix,chrisnicol_lunchboxes
mamma_n_meera,thatlunchboxmom
my_chef_and_me,homecookingcollective
lilaslunchbox,school_lunchbox_inspo
crunchymamainthesix,chrisnicol_lunchboxes
palestinefairtrade,recipes
stephmichelle123,fortheloveof_lunchboxes
jermainemorton,homecookingcollective
manishas_cookery,lunchboxinspiration
indian_cooking.036,recipes
obsessed_lunchboxmum,chrisnicol_lunchboxes
kaylafelice722,homecookingcollective
boxcakez,bento_box_lunches
kimsayid,homecookingcollective
rakhi_panchariya,healthyrecipes
school_lunchbox_inspo,chrisnicol_lunchboxes
jenny_loves_cooking_n_fashion,fortheloveof_lunchboxes
the_f00d_diary,lunchideas
mamma_n_meera,thatlunchboxmom
whathalleread,recipes
theyumboxmama,litaloveslunch
rainbowsandbentos,lunchboxinspiration
food.by.shima,homecookingcollective
mycutiesfunfoods,chrisnicol_lunchboxes
teukoapp,fortheloveof_lunchboxes
ghagengates,bento_box_lunches
opticalspectrumlasolas,homecookingcollective
delightedtoshare,homecookingcollective
hl_1997,lunch_obsessed
ketodiet_077,lunchideas
alisharicetattoo,bento_box_lunches
loveleafco,lunchinspo
heimatgenuss_und_weltwuerze,recipeoftheday
lexyphan24,homecookingcollective
4everfloless,thatlunchboxmom
audrey_norlen,homecookingcollective
the_slimanis21,bento_box_lunches
thebookishcookier,thatlunchboxmom
yuanabout,lunch_obsessed
twistie_bites,healthyrecipes
sonachabadova,recipes
ayambrandsg,recipeoftheday
lunch.box55,lunchbox
lunchbox.envy,lunch_obsessed
null,lunchinspo
grubgrub23,thatlunchboxmom
teukoapp,fortheloveof_lunchboxes
my_chef_and_me,homecookingcollective
ilovelunches,lunch_obsessed
dieticianrichadoshi,healthyrecipes
simplinienie,recipes
sweetescapespa209,thatlunchboxmom
kiddiefoodieadventures,chrisnicol_lunchboxes
financecorp_mortgagebroker,fortheloveof_lunchboxes
tavvakitchen,tavvakitchen
audrey_norlen,homecookingcollective
null,lunch_obsessed
eat.withpri,healthyrecipes
michellej_ayne,fortheloveof_lunchboxes
seaclairedrinks,homecookingcollective
youthberrie,healthyrecipes
ingredientsfromtheheart,homecookingcollective
mamma_n_meera,thatlunchboxmom
zdrowko_w_legionowie,lunchbox
priyankascakecreations,thatlunchboxmom
veganketoaf,thatlunchboxmom
boxcakez,bento_box_lunches
boxcakez,bento_box_lunches
alicecripps_,homecookingcollective
the_slimanis21,bento_box_lunches
foodate_u,bentoboxlunch
kidzprep,fortheloveof_lunchboxes
deborarmr26,healthyrecipes
britishsausageco,lunch_obsessed
theyumboxmama,litaloveslunch
bentounboxed,fortheloveof_lunchboxes
malar_unlimited,lunchideas
kimsayid,homecookingcollective
my.twinado.life,lunch_obsessed
ruby_taty,thatlunchboxmom
heidisboble,lunch_obsessed
the_toy_chest_au,school_lunchbox_inspo
lunchbox_loves,lunchinspo
kiddiefoodieadventures,school_lunchbox_inspo
flavioportino,homecookingcollective
dineandrun,lunchinspo
priyankascakecreations,thatlunchboxmom
lilaslunchbox,fortheloveof_lunchboxes
flavioportino,homecookingcollective
fooddie_mood,homecookingcollective
marwen_mbarek_6,homecookingcollective
null,thatlunchboxmom
dailybread369,school_lunchbox_inspo
theshimmyshimmyco,thatlunchboxmom
colddustgrl,bento_box_lunches
cupcakes_and_sarcasm,recipeoftheday
lunchlifemama,chrisnicol_lunchboxes
ma_ki813,school_lunchbox_inspo
its_me_anlina,bentoboxlunch
imadethisbento,chrisnicol_lunchboxes
kmht_obento,bentoboxlunch
australian.grown.naturals,school_lunchbox_inspo
jenny_loves_cooking_n_fashion,fortheloveof_lunchboxes
drinksonhouse,lunch_obsessed
yongsunny5,chrisnicol_lunchboxes
maison_madelise,lunchinspo
wearemtjl,lunch_obsessed
null,chrisnicol_lunchboxes
ibislunch,fortheloveof_lunchboxes
_apples_and_bananas,lunch_obsessed
thebacontarian,bento_box_lunches
kimsayid,homecookingcollective
foodrhythms,recipeideas
shanrain10,bento_box_lunches
bentosikorki,lunchboxinspiration
mama.chan.syd,thatlunchboxmom
makinglittlelunches,lunch_obsessed
charchar_92_,thatlunchboxmom
wearemtjl,chrisnicol_lunchboxes
healthguru1992,healthyrecipes
canwetalkaboutfoodagain,lunchideas
charchar_92_,thatlunchboxmom
loveindabba,fortheloveof_lunchboxes
mapishirahisi,recipes
null,recipes
lunchlifemama,fortheloveof_lunchboxes
food_ie_blogger,recipeoftheday
lunchboxforlulu,fortheloveof_lunchboxes
britishsausageco,lunch_obsessed
lilaslunchbox,fortheloveof_lunchboxes
melly201286,homecookingcollective
obsessed_lunchboxmum,chrisnicol_lunchboxes
fooddie_mood,homecookingcollective
minichocolatepoint,bentoboxlunch
world.of.yuvi,thatlunchboxmom
null,null
cooking_for_goodness,recipes
ketodait8,homecookingcollective
onceuponabento,litaloveslunch
enlightenedbaby,lunchboxinspiration
hallpr,lunchinspo
australian.grown.naturals,school_lunchbox_inspo
afy.fitness,recipeideas
jermainemorton,homecookingcollective
bowlz.id,lunchbox
forestofherbs.bulgaria,healthyrecipes
bling_spice_n_everything_nice,homecookingcollective
obsessed_lunchboxmum,chrisnicol_lunchboxes
mumma.lunch.inspo,lunchinspo
foodfeast.lb,homecookingcollective
beachouse.baby,litaloveslunch
mythreelittlekittens,chrisnicol_lunchboxes
fooda_ndsnack,lunch_obsessed
passionepasta_,recipeoftheday
sonja.lorraine,lunchbox
lunchlifemama,fortheloveof_lunchboxes
colddustgrl,bento_box_lunches
rca_made,fortheloveof_lunchboxes
moranas_mat,lunchideas
kianaanoriko,homecookingcollective
healthmedicationcare,lunchideas
rebeccaharrop7783,fortheloveof_lunchboxes
kianaanoriko,homecookingcollective
simplebreakfastfun,fortheloveof_lunchboxes
lunchesbywhitney,lunchinspo
mtneborailwaycarriage,thatlunchboxmom
ika_meihui,homecookingcollective
bling_spice_n_everything_nice,homecookingcollective
what.sofiaeats,lunch_obsessed
chinyanta1218,lunchinspo
hellmannsau,chrisnicol_lunchboxes
jimungee,fortheloveof_lunchboxes
fooda_ndsnack,lunch_obsessed
a_sweet_vinegar,recipeoftheday
smokesmen.bbq,recipes
marwen_mbarek_6,homecookingcollective
bonaccorddrinks,lunchinspo
wearemtjl,lunch_obsessed
munchi_kids,litaloveslunch
noahs.nibbles,school_lunchbox_inspo
seaweedsupermarket,fortheloveof_lunchboxes
simplebreakfastfun,fortheloveof_lunchboxes
beachouse.baby,litaloveslunch
theblondelish,recipeideas
jimungee,fortheloveof_lunchboxes
nickyveysey,tavvakitchen
brit.sfoodjournal,healthyrecipes
mybento_aus,school_lunchbox_inspo
thesweetycake_,bentoboxlunch
ailunarai,litaloveslunch
heidisboble,lunch_obsessed
kianaanoriko,homecookingcollective
moon_tast._millennials,bento_box_lunches
kidzprep,fortheloveof_lunchboxes
seaclairedrinks,homecookingcollective
nickyveysey,tavvakitchen
4everfloless,thatlunchboxmom
flavioportino,homecookingcollective
hellobentoph,chrisnicol_lunchboxes
tomokayabento,school_lunchbox_inspo
kimsayid,homecookingcollective
audrey_norlen,homecookingcollective
petersflseafood,homecookingcollective
kira_johnston1990,chrisnicol_lunchboxes
bento.dad,bentoboxlunch
imadethisbento,chrisnicol_lunchboxes
makinglittlelunches,lunch_obsessed
bentounboxed,fortheloveof_lunchboxes
jermainemorton,homecookingcollective
mad.basketball,chrisnicol_lunchboxes
forevernomadssueandbaz,school_lunchbox_inspo
santosh.kachakayala,healthyrecipes
befitbestrong.pl,lunchbox
chiffytaste,lunchideas
laura_bruj,tavvakitchen
k.hal865,lunchbox
inspiredfreshlife,healthyrecipes
myallness,recipes
grubsforbubs,litaloveslunch
matthewsmacros,recipes
taipeiasianfoods,lunchinspo
ailunarai,litaloveslunch
cooking_with_sanae,recipes
madridbake,recipes
null,homecookingcollective
madpakkemaskinen,school_lunchbox_inspo
amydkw,lunch_obsessed
lilaslunchbox,school_lunchbox_inspo
tully_skincare,fortheloveof_lunchboxes
imadethisbento,chrisnicol_lunchboxes
dailybread369,school_lunchbox_inspo
dailybread369,school_lunchbox_inspo
mybento_aus,school_lunchbox_inspo
kiddiefoodieadventures,school_lunchbox_inspo
rebeccaharrop7783,fortheloveof_lunchboxes
melly201286,homecookingcollective
deeveganjournal,lunchinspo
my_chef_and_me,homecookingcollective
nickymac_lifesjourney,lunchinspo
persephoneinparadise,bentoboxlunch
mrs.lillireimer,lunch_obsessed
acoupleofoodnuts,homecookingcollective
ma_ki813,school_lunchbox_inspo
rebeccaharrop7783,fortheloveof_lunchboxes
lunchlifemama,chrisnicol_lunchboxes
easy_familienkueche,fortheloveof_lunchboxes
bon_appefit_bylien,homecookingcollective
ojouvray,recipes
toxicfreewellness,thatlunchboxmom
theyumboxmama,litaloveslunch
georgiawoodleigh,chrisnicol_lunchboxes
fooddie_mood,homecookingcollective
alicecripps_,homecookingcollective
obsessed_lunchboxmum,chrisnicol_lunchboxes
chefjonathang,recipeoftheday
mama.chan.syd,thatlunchboxmom
mythreelittlekittens,chrisnicol_lunchboxes
makinglittlelunches,lunch_obsessed
null,chrisnicol_lunchboxes
ruby_taty,thatlunchboxmom
foodjourneyswithjerry,thatlunchboxmom
mama.chan.syd,thatlunchboxmom
bon_appefit_bylien,homecookingcollective
_apples_and_bananas,lunch_obsessed
boxcakez,bento_box_lunches
sifar_tifl,recipeideas
underbakedisbest,thatlunchboxmom
kiddiefoodieadventures,fortheloveof_lunchboxes
caitlynn.sarah,tavvakitchen
seaclairedrinks,homecookingcollective
toxicfreewellness,thatlunchboxmom
tspott,homecookingcollective
anja_qaisir_nadeem_dresden,school_lunchbox_inspo
null,recipeoftheday
kidsschoollunchbox,lunchboxinspiration
meggles429,lunch_obsessed
mybento_aus,fortheloveof_lunchboxes
theavocadofactory,lunchinspo
thebendycoeliac,recipeideas
tees_table,lunchbox
yummiee_tummiee,recipeoftheday
yongsunny5,chrisnicol_lunchboxes
kaylafelice722,homecookingcollective
true_california,homecookingcollective
charchar_92_,thatlunchboxmom
bento_japoni,bentoboxlunch
petersflseafood,homecookingcollective
halfpintsjelly,lunchideas
from_scratch_nutrition,recipeideas
null,homecookingcollective
grubgrub23,thatlunchboxmom
bentojaponaise,lunch_obsessed
weightlosswithnick,lunchinspo
tully_skincare,fortheloveof_lunchboxes
modernpicnic,lunchinspo
forevernomadssueandbaz,school_lunchbox_inspo
lunchesformymunchkins,fortheloveof_lunchboxes
dietitianlili,lunch_obsessed
kidzprep,fortheloveof_lunchboxes
mediaelektronik,lunchbox
boxcakez,bento_box_lunches
panda_ayumi,null
tavvakitchen,tavvakitchen
the_wis.couple,lunchinspo
hellmannsau,chrisnicol_lunchboxes
kidskitchengh,chrisnicol_lunchboxes
lunchesformymunchkins,chrisnicol_lunchboxes
naty_shoot,homecookingcollective
jenny_loves_cooking_n_fashion,fortheloveof_lunchboxes
imadethisbento,chrisnicol_lunchboxes
mythreelittlekittens,chrisnicol_lunchboxes
grubgrub23,thatlunchboxmom
i.jnourishlift,recipes
varietybgc,bentoboxlunch
sandramlucio,recipeoftheday
my.twinado.life,lunch_obsessed
lunch_obsessed,litaloveslunch
kiddiefoodieadventures,fortheloveof_lunchboxes
portiabelloclowndes,homecookingcollective
what.sofiaeats,lunch_obsessed
tomokayabento,school_lunchbox_inspo
toxicfreewellness,thatlunchboxmom
caitlynn.sarah,tavvakitchen
mythreelittlekittens,chrisnicol_lunchboxes
teukoapp,fortheloveof_lunchboxes
opticalspectrumlasolas,homecookingcollective
mama.chan.syd,thatlunchboxmom
null,null
crunchymamainthesix,chrisnicol_lunchboxes
megmarvin,tavvakitchen
kidskitchengh,chrisnicol_lunchboxes
boxcakez,bento_box_lunches
theshimmyshimmyco,thatlunchboxmom
thehawaiianhotdog,lunchideas
the_slimanis21,bento_box_lunches
melly201286,homecookingcollective
mdm_nard,recipes
amydkw,lunch_obsessed
kids_bento_lunch,fortheloveof_lunchboxes
seaweedsupermarket,fortheloveof_lunchboxes
school_lunchbox_inspo,lunch_obsessed
seaclairedrinks,homecookingcollective
drinksonhouse,lunch_obsessed
null,null
laura_bruj,tavvakitchen
meggles429,lunch_obsessed
thebacontarian,bento_box_lunches
ifwithvic,healthyrecipes
moon_tast._millennials,bento_box_lunches
ican.cook,lunchboxinspiration
mycutiesfunfoods,litaloveslunch
seaweedsupermarket,fortheloveof_lunchboxes
lunchesformymunchkins,fortheloveof_lunchboxes
dietetique_creative,healthyrecipes
4everfloless,thatlunchboxmom
squidbrandusa,lunchinspo
mama26ducklins,homecookingcollective
the_toy_chest_au,school_lunchbox_inspo
null,chrisnicol_lunchboxes
feedmegood,lunchboxinspiration
lunchesandlittles,bentoboxlunch
teukoapp,fortheloveof_lunchboxes
tizzjuno,recipes
ika_meihui,homecookingcollective
labeightonn,homecookingcollective
what.sofiaeats,lunch_obsessed
lunchwithsebastian,lunch_obsessed
thepurplegypsy4,lunchboxinspiration
lunch_obsessed,litaloveslunch
little_hungry_tummies,fortheloveof_lunchboxes
lunchboxforlulu,fortheloveof_lunchboxes
jojoeatsbrunei,lunch_obsessed
mycutiesfunfoods,litaloveslunch
alicecripps_,homecookingcollective
is.maru,thatlunchboxmom
mamade_su,lunchbox
mycutiesfunfoods,chrisnicol_lunchboxes
ed_her6,homecookingcollective
agelesslx,recipeideas
lunch_box0420,lunchboxinspiration
hqpacks,lunchbox
shelly.veronika,chrisnicol_lunchboxes
nickyveysey,tavvakitchen
null,tavvakitchen
cape_chef,homecookingcollective
laura_bruj,tavvakitchen
toxicfreewellness,thatlunchboxmom
lunchwithsebastian,lunch_obsessed
heidisboble,lunch_obsessed
simplebreakfastfun,fortheloveof_lunchboxes
happyv_planet,thatlunchboxmom
ican.cook,lunchboxinspiration
yuanabout,lunch_obsessed
yongsunny5,chrisnicol_lunchboxes
seasoningsofthewitch,recipes
cookingwiththeaverys,homecookingcollective
bentowithbills,lunchboxinspiration
ae_photographer89,recipeideas
school_lunchbox_inspo,chrisnicol_lunchboxes
ingredientsfromtheheart,homecookingcollective
naijacanadianbentomom,lunch_obsessed
upputhevayanaalavu,recipeoftheday
brokerjmk,lunchideas
null,homecookingcollective
santos_mercedes_e,recipes
thats_so_chef_mpc,healthyrecipes
lunch_obsessed,fortheloveof_lunchboxes
eatz.nyc,homecookingcollective
yousi_badboyvalley,recipes
ma_ki813,school_lunchbox_inspo
bentounboxed,fortheloveof_lunchboxes
drinksonhouse,lunch_obsessed
null,null
caitlynn.sarah,tavvakitchen
megmarvin,tavvakitchen
britishsausageco,lunch_obsessed
mamma_n_meera,thatlunchboxmom
atozmom85,tavvakitchen
null,tavvakitchen
tukangkuweh,bentoboxlunch
feedmegood,lunchboxinspiration
null,null
lunchbox.envy,lunch_obsessed
priyankascakecreations,thatlunchboxmom
michellej_ayne,fortheloveof_lunchboxes
munchi_kids,litaloveslunch
loveindabba,fortheloveof_lunchboxes
tamarikibento,chrisnicol_lunchboxes
sandrasfikaomat,lunchinspo
mama.chan.syd,thatlunchboxmom
anja_qaisir_nadeem_dresden,school_lunchbox_inspo
ktabundantlife,healthyrecipes
petersflseafood,homecookingcollective
_apples_and_bananas,lunch_obsessed
_apples_and_bananas,lunch_obsessed
for.theloveofhealthyfood,healthyrecipes
stephmichelle123,fortheloveof_lunchboxes
kira_johnston1990,chrisnicol_lunchboxes
tully_skincare,fortheloveof_lunchboxes
gazellemag_officiel,healthyrecipes
ketodait8,homecookingcollective
lunch_obsessed,litaloveslunch
thebookishcookier,thatlunchboxmom
the_slimanis21,bento_box_lunches
drinksonhouse,lunch_obsessed
the_slimanis21,bento_box_lunches
flavioportino,homecookingcollective
livelaughloveinsurance,tavvakitchen
life_withgoodfood,recipes
cooktasteofficial,homecookingcollective
a_daring_girl,thatlunchboxmom
mummytomkins,lunch_obsessed
sweetescapespa209,thatlunchboxmom
941srq,thatlunchboxmom
tunstall_fresh,lunchboxinspiration
fridgetogo,lunchboxinspiration
beachouse.baby,litaloveslunch
boxcakez,bento_box_lunches
naokin_papa,lunchbox
school_lunchbox_inspo,chrisnicol_lunchboxes
dfs_chef,homecookingcollective
beachouse.baby,litaloveslunch
honeybee.munches,bentoboxlunch
sandrasfikaomat,lunchinspo
riverviewfarms_aus,lunchinspo
richproductsmy,recipeoftheday
mybento_aus,lunch_obsessed
thewanderlustlondonmum,thatlunchboxmom
lunchboxforlulu,fortheloveof_lunchboxes
rubix.23,thatlunchboxmom
mybento_aus,school_lunchbox_inspo
jimungee,fortheloveof_lunchboxes
mybento_aus,school_lunchbox_inspo
my.twinado.life,lunch_obsessed
mummytomkins,lunch_obsessed
cake_n_bake_malak,recipes
kay_in_the_kitchen_,recipes
lunchbox.envy,lunchinspo
happyv_planet,thatlunchboxmom
madpakkemaskinen,school_lunchbox_inspo
tomokayabento,school_lunchbox_inspo
carrieboos,lunch_obsessed
lynseys_lunches,fortheloveof_lunchboxes
seasonedbysylvs,homecookingcollective
deeveganjournal,lunchinspo
bentounboxed,fortheloveof_lunchboxes
lunchesformymunchkins,chrisnicol_lunchboxes
koyekoffiedmond,lunch_obsessed
mamma_n_meera,thatlunchboxmom
laurenl412,lunch_obsessed
my.twinado.life,lunch_obsessed
mycutiesfunfoods,litaloveslunch
rubix.23,thatlunchboxmom
null,lunchboxinspiration
mummytomkins,lunch_obsessed
kidskitchengh,chrisnicol_lunchboxes
the.smart.gym,healthyrecipes
wooptonight,tavvakitchen
lunchlifemama,fortheloveof_lunchboxes
hev666,lunchinspo
hellobentoph,chrisnicol_lunchboxes
thebookishcookier,thatlunchboxmom
echo_taste,recipes
the_toy_chest_au,school_lunchbox_inspo
yumboxinspiration,lunchinspo
eating_through_mcr,lunchinspo
null,recipes
bentojaponaise,lunch_obsessed
eatz.nyc,homecookingcollective
lunchlifemama,fortheloveof_lunchboxes
mtneborailwaycarriage,thatlunchboxmom
bon_appefit_bylien,homecookingcollective
mama26ducklins,homecookingcollective
sugarbakerscr,healthyrecipes
kaloshealthandbeauty,healthyrecipes
heidisboble,lunch_obsessed
genesisktv,recipeoftheday
lexyphan24,homecookingcollective
hellobentoph,chrisnicol_lunchboxes
ibislunch,fortheloveof_lunchboxes
null,homecookingcollective
jojoeatsbrunei,lunch_obsessed
mudhenbrew,lunchideas
michellej_ayne,fortheloveof_lunchboxes
null,null
great_recipe_ideas,recipeoftheday
kianaanoriko,homecookingcollective
farahjeats,recipeoftheday
sunshine.in.the.woods29,tavvakitchen
yig.dietitian.kristyy,recipeideas
null,tavvakitchen
wearemtjl,chrisnicol_lunchboxes
is.maru,thatlunchboxmom
lunchbox_loves,lunchinspo
kiddiefoodieadventures,fortheloveof_lunchboxes
makinglittlelunches,lunch_obsessed
ani.express,healthyrecipes
iberrychik,recipeideas
healthyindulgence.ng,healthyrecipes
veganketoaf,thatlunchboxmom
boxcakez,bento_box_lunches
jenny_loves_cooking_n_fashion,fortheloveof_lunchboxes
alicecripps_,homecookingcollective
loveindabba,fortheloveof_lunchboxes
941srq,thatlunchboxmom
kiddiefoodieadventures,fortheloveof_lunchboxes
evelyns_lunchbox,fortheloveof_lunchboxes
hilariousfoodydude,thatlunchboxmom
null,lunch_obsessed
atozmom85,tavvakitchen
null,school_lunchbox_inspo
soniaushasinha,lunchideas
nadinestoop,fortheloveof_lunchboxes
bentojaponaise,lunch_obsessed
anja_qaisir_nadeem_dresden,school_lunchbox_inspo
tavvakitchen,tavvakitchen
srilu_tv,healthyrecipes
_apples_and_bananas,lunch_obsessed
ed_her6,homecookingcollective
arun_rag,lunchboxinspiration
naty_shoot,homecookingcollective
shelly.veronika,chrisnicol_lunchboxes
australianvegans,thatlunchboxmom
ozlemlerafinemutfak,healthyrecipes
vancity_cooks,recipes
easy_familienkueche,fortheloveof_lunchboxes
dailybread369,school_lunchbox_inspo
petersflseafood,homecookingcollective
waterattackpressurewashing,chrisnicol_lunchboxes
mrs_emma_b,tavvakitchen
foodip_india,recipeideas
941srq,thatlunchboxmom
wooptonight,tavvakitchen
rubix.23,thatlunchboxmom
thewanderlustlondonmum,thatlunchboxmom
grubgrub23,thatlunchboxmom
wordsbymara,healthyrecipes
bon_appefit_bylien,homecookingcollective
ika_meihui,homecookingcollective
bentounboxed,fortheloveof_lunchboxes
rawly_me,healthyrecipes
mybento_aus,school_lunchbox_inspo
lunchlifemama,chrisnicol_lunchboxes
zpatkykmalyvelikosti,lunchideas
tspott,homecookingcollective
kira_johnston1990,chrisnicol_lunchboxes
tully_skincare,fortheloveof_lunchboxes
baam_eats,lunchboxinspiration
mel_mum.wife.healthylife,healthyrecipes
sunshine.in.the.woods29,tavvakitchen
stephmichelle123,fortheloveof_lunchboxes
kiddiefoodieadventures,school_lunchbox_inspo
thebacontarian,bento_box_lunches
eatonlyplants,lunchinspo
kazkazkaz555,bentoboxlunch
financecorp_mortgagebroker,fortheloveof_lunchboxes
ketodait8,homecookingcollective
georgiawoodleigh,chrisnicol_lunchboxes
australianvegans,thatlunchboxmom
theponderingpineapple,recipeideas
mrudulapachpor,healthyrecipes
hilariousfoodydude,thatlunchboxmom
forevernomadssueandbaz,school_lunchbox_inspo
bentokidslunch,lunch_obsessed
bentounboxed,fortheloveof_lunchboxes
true_california,homecookingcollective
kuzmaskitchen,healthyrecipes
mrs_emma_b,tavvakitchen
marwen_mbarek_6,homecookingcollective
lakerealtortracy,recipeideas
the_toy_chest_au,school_lunchbox_inspo
rca_made,fortheloveof_lunchboxes
fooddie_mood,homecookingcollective
haniecocokitchen,lunchbox
dietitianlili,lunch_obsessed
marinatekbbq,lunchbox
opticalspectrumlasolas,homecookingcollective
underbakedisbest,thatlunchboxmom
crunchymamainthesix,chrisnicol_lunchboxes
amydkw,lunch_obsessed
null,chrisnicol_lunchboxes
food.quest_m,recipeoftheday
null,lunchbox
miss_gardener,recipes
grubgrub23,thatlunchboxmom
laurenl412,lunch_obsessed
kaylafelice722,homecookingcollective
world.of.yuvi,thatlunchboxmom
chalenejohnson,null
royal_banna307,healthyrecipes
lensofceyin,lunchideas
lunchlifemama,chrisnicol_lunchboxes
simplebreakfastfun,fortheloveof_lunchboxes
svetlana.pl,healthyrecipes
flavioportino,homecookingcollective
eatz.nyc,homecookingcollective
priyankascakecreations,thatlunchboxmom
my_bento_adventure,bentoboxlunch
seasonedbysylvs,homecookingcollective
acoupleofoodnuts,homecookingcollective
imogen_healthylife,recipes
onceuponabento,litaloveslunch
theshimmyshimmyco,thatlunchboxmom
prashastimaharshi,thatlunchboxmom
null,school_lunchbox_inspo
nikkiblufoods,lunchideas
loveindabba,fortheloveof_lunchboxes
jutikino,healthyrecipes
oatsandpeanutbutterlover,healthyrecipes
cooktasteofficial,homecookingcollective
azziah_harun,school_lunchbox_inspo
amazing.grace.flowers,litaloveslunch
yuanabout,lunch_obsessed
charchar_92_,thatlunchboxmom
onceuponabento,litaloveslunch
waterattackpressurewashing,chrisnicol_lunchboxes
lunch_obsessed,fortheloveof_lunchboxes
prashastimaharshi,thatlunchboxmom
lianaiokello,lunchideas
seaweedsupermarket,fortheloveof_lunchboxes
dailybread369,school_lunchbox_inspo
neenee418,bentoboxlunch
mysteeltumbler,lunchinspo
gusturile.anastasiei,lunchideas
drinksonhouse,lunch_obsessed
hellobentoph,chrisnicol_lunchboxes
beatrixx_rn,bento_box_lunches
seaclairedrinks,homecookingcollective
fruthfoods,recipeideas
wearemtjl,lunch_obsessed
easy_familienkueche,fortheloveof_lunchboxes
foodjourneyswithjerry,thatlunchboxmom
lunchlover.by,bentoboxlunch
bento.dad,bentoboxlunch
foodjourneyswithjerry,thatlunchboxmom
mummytomkins,lunch_obsessed
lunchlifemama,chrisnicol_lunchboxes
amazing.grace.flowers,litaloveslunch
thebacontarian,bento_box_lunches
mad.basketball,chrisnicol_lunchboxes
hellobentoph,chrisnicol_lunchboxes
food.by.agata,lunchboxinspiration
forevernomadssueandbaz,school_lunchbox_inspo
seasonedbysylvs,homecookingcollective
maaintibhojanam,recipeoftheday
meggles429,lunch_obsessed
ailunarai,litaloveslunch
tavvakitchen,tavvakitchen
runningbeautifullife,recipes
seaclairedrinks,homecookingcollective
null,null
hl_1997,lunch_obsessed
jaysdeligrinnell,lunchideas
null,thatlunchboxmom
mauiribs,recipes
sunm1le_,recipeideas
beachouse.baby,litaloveslunch
food.by.shima,homecookingcollective
cooktasteofficial,homecookingcollective
mogumogu_fr,bentoboxlunch
delightedtoshare,homecookingcollective
portiabelloclowndes,homecookingcollective
null,null
kolkata_lazybites,lunchbox
grubgrub23,thatlunchboxmom
shelly.veronika,chrisnicol_lunchboxes
marwen_mbarek_6,homecookingcollective
kaylafelice722,homecookingcollective
null,lunch_obsessed
null,null
teukoapp,fortheloveof_lunchboxes
jermainemorton,homecookingcollective
lexyphan24,homecookingcollective
lunchlifemama,chrisnicol_lunchboxes
reallunchbox,lunchboxinspiration
thebacontarian,bento_box_lunches
aakriti05jindal,chrisnicol_lunchboxes
kaylafelice722,homecookingcollective
mybento_aus,lunch_obsessed
lunchesformymunchkins,chrisnicol_lunchboxes
kylie.d.84,chrisnicol_lunchboxes
yuanabout,lunch_obsessed
naty_shoot,homecookingcollective
thebookishcookier,thatlunchboxmom
iameverythingsafi_tt,recipes
petersflseafood,homecookingcollective
thesweetycake_,bentoboxlunch
lilaslunchbox,school_lunchbox_inspo
what.to.eat.today_,healthyrecipes
kidzprep,fortheloveof_lunchboxes
easy2weightloss,lunchideas
null,homecookingcollective
naijacanadianbentomom,lunch_obsessed
school_lunchbox_inspo,chrisnicol_lunchboxes
nikaskitchen,null
_whisk.taker_,bentoboxlunch
mysumo_marseille,bentoboxlunch
dfs_chef,homecookingcollective
mypureplants,recipeideas
shanrain10,bento_box_lunches
ma_ki813,school_lunchbox_inspo
null,recipes
petersflseafood,homecookingcollective
acoupleofoodnuts,homecookingcollective
theninthlondon,lunchinspo
ma_ki813,school_lunchbox_inspo
cakenya.kita,bentoboxlunch
anja_qaisir_nadeem_dresden,school_lunchbox_inspo
petersflseafood,homecookingcollective
mybento_aus,lunch_obsessed
mfcookin,recipeoftheday
megmarvin,tavvakitchen
bagtaesun5080,thatlunchboxmom
mythreelittlekittens,chrisnicol_lunchboxes
ann.s_kitchen_,lunchideas
mumma.lunch.inspo,lunchinspo
veganketoaf,thatlunchboxmom
theyumboxmama,litaloveslunch
sweetescapespa209,thatlunchboxmom
rca_made,fortheloveof_lunchboxes
brookstonenutrition,lunchideas
noahs.nibbles,school_lunchbox_inspo
ghagengates,bento_box_lunches
lunch_obsessed,litaloveslunch
ika_meihui,homecookingcollective
sunshine.in.the.woods29,tavvakitchen
jimmynguyen1988,bentoboxlunch
tully_skincare,fortheloveof_lunchboxes
britishsausageco,lunch_obsessed
lunch_obsessed,fortheloveof_lunchboxes
nutri_coach_byamy,lunchinspo
kiddiefoodieadventures,school_lunchbox_inspo
jenny_loves_cooking_n_fashion,fortheloveof_lunchboxes
crunchymamainthesix,chrisnicol_lunchboxes
financecorp_mortgagebroker,fortheloveof_lunchboxes
my.twinado.life,chrisnicol_lunchboxes
mtneborailwaycarriage,thatlunchboxmom
theyumlist,lunchinspo
australian.grown.naturals,school_lunchbox_inspo
utako.cooking,bentoboxlunch
savorthepassion,recipeoftheday
cheffabiocunha,recipes
kaylafelice722,homecookingcollective
loveindabba,fortheloveof_lunchboxes
giustosapore,recipeideas
my.twinado.life,chrisnicol_lunchboxes
jeeaayanu_kitchen,recipeideas
theshimmyshimmyco,thatlunchboxmom
prashastimaharshi,thatlunchboxmom
newtreatsandeatsuk,lunchinspo
teukoapp,fortheloveof_lunchboxes
mama.chan.syd,thatlunchboxmom
tavvakitchen,tavvakitchen
_creamy_._creations_,bentoboxlunch
seaweedsupermarket,fortheloveof_lunchboxes
school_lunchbox_inspo,chrisnicol_lunchboxes
tspott,homecookingcollective
my.twinado.life,chrisnicol_lunchboxes
tspott,homecookingcollective
mrs.lillireimer,lunch_obsessed
gourmet_magazin,recipes
brookes_fun_bento,chrisnicol_lunchboxes
kira_johnston1990,chrisnicol_lunchboxes
world.of.yuvi,thatlunchboxmom
thewanderlustlondonmum,thatlunchboxmom
lunchlifemama,chrisnicol_lunchboxes
tamarikibento,chrisnicol_lunchboxes
mycutiesfunfoods,litaloveslunch
ed_her6,homecookingcollective
mum_made_yum,lunchinspo
seaweedsupermarket,fortheloveof_lunchboxes
allies_savvy_saves,lunchinspo
kids_bento_lunch,fortheloveof_lunchboxes
nickyveysey,tavvakitchen
ma_ki813,school_lunchbox_inspo
naty_shoot,homecookingcollective
yuanabout,lunch_obsessed
scarlettslunchbox,lunchinspo
_mi0609,lunchbox
cape_chef,homecookingcollective
makinglittlelunches,lunch_obsessed
null,null
nadinestoop,fortheloveof_lunchboxes
rubix.23,thatlunchboxmom
simplebreakfastfun,fortheloveof_lunchboxes
evelyns_lunchbox,fortheloveof_lunchboxes
onceuponabento,litaloveslunch
bling_spice_n_everything_nice,homecookingcollective
foodjourneyswithjerry,thatlunchboxmom
healthysport69,healthyrecipes
noovomoicuisiner,recipeideas
misan_minamata,lunchbox
justin_mange_bien_beaufays,lunchbox
alicecripps_,homecookingcollective
familylunchpack,litaloveslunch
dietitianlili,lunch_obsessed
laura_bruj,tavvakitchen
my.twinado.life,chrisnicol_lunchboxes
bon_appefit_bylien,homecookingcollective
yongsunny5,chrisnicol_lunchboxes
nicola_gets_slim,lunchideas
mummytomkins,lunch_obsessed
pro.basic.rights,thatlunchboxmom
bonsbetterbites,recipeideas
bentokidslunch,lunch_obsessed
financecorp_mortgagebroker,fortheloveof_lunchboxes
keto.fitness2021,lunchideas
portiabelloclowndes,homecookingcollective
11sry22,lunchbox
gratacafe,recipeideas
fooddie_mood,homecookingcollective
foodvoodindia,recipeoftheday
world.of.yuvi,thatlunchboxmom
lynseys_lunches,fortheloveof_lunchboxes
lunchwithsebastian,lunch_obsessed
lunchbox.envy,lunch_obsessed
mythreelittlekittens,chrisnicol_lunchboxes
loveindabba,fortheloveof_lunchboxes
seafoodbarmarket,lunchideas
modernpicnic,lunchinspo
mama.chan.syd,thatlunchboxmom
ed_her6,homecookingcollective
null,recipes
mrs_emma_b,tavvakitchen
naty_shoot,homecookingcollective
happyv_planet,thatlunchboxmom
dailybread369,school_lunchbox_inspo
volarepizzasa,lunchinspo
naty_shoot,homecookingcollective
mycutiesfunfoods,litaloveslunch
sakura.lapimex,lunchbox
hilariousfoodydude,thatlunchboxmom
my.twinado.life,chrisnicol_lunchboxes
makinglittlelunches,lunch_obsessed
little_hungry_tummies,fortheloveof_lunchboxes
bambinolove.au,bentoboxlunch
eatz.nyc,homecookingcollective
yuanabout,lunch_obsessed
meggles429,lunch_obsessed
shelly.veronika,chrisnicol_lunchboxes
tamarikibento,chrisnicol_lunchboxes
bagtaesun5080,thatlunchboxmom
simplebreakfastfun,fortheloveof_lunchboxes
fittfastic,healthyrecipes
acoupleofoodnuts,homecookingcollective
kiddiefoodieadventures,chrisnicol_lunchboxes
obsessed_lunchboxmum,chrisnicol_lunchboxes
null,null
mizuiro_akie,bentoboxlunch
lunchesformymunchkins,chrisnicol_lunchboxes
theblondelish,recipeoftheday
nickyschronicjourney,healthyrecipes
tavvakitchen,tavvakitchen
wearemtjl,lunch_obsessed
lilaslunchbox,school_lunchbox_inspo
mythreelittlekittens,chrisnicol_lunchboxes
thecoachrusty,recipeideas
damaltianyee,thatlunchboxmom
mycutiesfunfoods,chrisnicol_lunchboxes
kidsschoollunchbox,lunchboxinspiration
ketodait8,homecookingcollective
portiabelloclowndes,homecookingcollective
himalayanmomo_,lunchideas
funky_tees_uk,lunchbox
husnascookingstory,recipeoftheday
damaltianyee,thatlunchboxmom
food.by.shima,homecookingcollective
ghagengates,bento_box_lunches
mikimikiu,bentoboxlunch
seaweedsupermarket,fortheloveof_lunchboxes
a_kico39,lunchbox
forevernomadssueandbaz,school_lunchbox_inspo
laurenl412,lunch_obsessed
hellmannsau,chrisnicol_lunchboxes
britishsausageco,lunch_obsessed
tukangkuweh,bentoboxlunch
moon_tast._millennials,bento_box_lunches
is.maru,thatlunchboxmom
kidzprep,fortheloveof_lunchboxes
lunch_obsessed,fortheloveof_lunchboxes
sunshine.in.the.woods29,tavvakitchen
teukoapp,fortheloveof_lunchboxes
lexyphan24,homecookingcollective
dailybread369,school_lunchbox_inspo
dadshomekitchen,recipeoftheday
thebox_nutrition,healthyrecipes
cape_chef,homecookingcollective
null,null
omielifeinc,lunchboxinspiration
shanrain10,bento_box_lunches
null,recipeoftheday
ika_meihui,homecookingcollective
megmarvin,tavvakitchen
thesweetycake_,bentoboxlunch
mybento_aus,fortheloveof_lunchboxes
null,thatlunchboxmom
wearemtjl,lunch_obsessed
laura_bruj,tavvakitchen
mart_mama,lunchbox
jojoeatsbrunei,lunch_obsessed
ruby_taty,thatlunchboxmom
ed_her6,homecookingcollective
kianaanoriko,homecookingcollective
bentojaponaise,lunch_obsessed
null,null
santapitanza,recipeoftheday
seaclairedrinks,homecookingcollective
soul_flow0116,bentoboxlunch
lunchwithsebastian,lunch_obsessed
brookes_fun_bento,chrisnicol_lunchboxes
foodiesofslu,lunchideas
null,homecookingcollective
himalayanmomo_,lunchideas
koyekoffiedmond,lunch_obsessed
lilaslunchbox,fortheloveof_lunchboxes
sw_mollyjayne,lunchideas
damaltianyee,thatlunchboxmom
myhealthykitchen.ok,healthyrecipes
grubgrub23,thatlunchboxmom
null,recipes
thewanderlustlondonmum,thatlunchboxmom
kaylafelice722,homecookingcollective
null,homecookingcollective
flavioportino,homecookingcollective
delightedtoshare,homecookingcollective
rubix.23,thatlunchboxmom
null,thatlunchboxmom
null,lunch_obsessed
georgiawoodleigh,chrisnicol_lunchboxes
boxcakez,bento_box_lunches
minchi_momopai,bentoboxlunch
rieaccordion,bentoboxlunch
null,fortheloveof_lunchboxes
financecorp_mortgagebroker,fortheloveof_lunchboxes
georgiawoodleigh,chrisnicol_lunchboxes
happyv_planet,thatlunchboxmom
kids_bento_lunch,fortheloveof_lunchboxes
bentowithbills,lunchboxinspiration
little_hungry_tummies,fortheloveof_lunchboxes
bagtaesun5080,thatlunchboxmom
ketomysterious,healthyrecipes
munchi_kids,litaloveslunch
kiddiefoodieadventures,chrisnicol_lunchboxes
lunchlifemama,chrisnicol_lunchboxes
massauo53,bentoboxlunch
kodomobaka,bentoboxlunch
usapeec.me,recipeideas
lunchwithsebastian,lunch_obsessed
lynseys_lunches,fortheloveof_lunchboxes
sweetescapespa209,thatlunchboxmom
lunchboxforlulu,fortheloveof_lunchboxes
teukoapp,fortheloveof_lunchboxes
thehungryholecafe,lunchinspo
lunchbox.envy,lunch_obsessed
realmeat.id,bentoboxlunch
sweetescapespa209,thatlunchboxmom
lunchlifemama,chrisnicol_lunchboxes
thrivingsand,recipeideas
hellobentoph,chrisnicol_lunchboxes
lunchlifemama,chrisnicol_lunchboxes
shelly.veronika,chrisnicol_lunchboxes
kiddiefoodieadventures,chrisnicol_lunchboxes
stephmichelle123,fortheloveof_lunchboxes
heidisboble,lunch_obsessed
ilovelunches,lunch_obsessed
lunchesformymunchkins,fortheloveof_lunchboxes
chrisnicol_lunchboxes,lunchboxinspiration
lunchesformymunchkins,chrisnicol_lunchboxes
the_plant_nerd,bento_box_lunches
lunchboxforlulu,fortheloveof_lunchboxes
eri.blog,bentoboxlunch
laurenl412,lunch_obsessed
snactripster,lunchinspo
lunchboxsofa,bentoboxlunch
nadinestoop,fortheloveof_lunchboxes
petersflseafood,homecookingcollective
atozmom85,tavvakitchen
naijacanadianbentomom,lunch_obsessed
veggiemelodie,lunchinspo
katz__kitchen,lunchideas
stephmichelle123,fortheloveof_lunchboxes
damaltianyee,thatlunchboxmom
megmarvin,tavvakitchen
kidzprep,fortheloveof_lunchboxes
dietitianlili,lunch_obsessed
null,school_lunchbox_inspo
eats.by.ayla,lunchideas
anja_qaisir_nadeem_dresden,school_lunchbox_inspo
kidzprep,fortheloveof_lunchboxes
yuanabout,lunch_obsessed
petersflseafood,homecookingcollective
what.sofiaeats,lunch_obsessed
opticalspectrumlasolas,homecookingcollective
petersflseafood,homecookingcollective
priyankascakecreations,thatlunchboxmom
lunch_obsessed,litaloveslunch
kokhwalie,lunchbox
mumma.lunch.inspo,lunchinspo
waterattackpressurewashing,chrisnicol_lunchboxes
purnachawla,lunchboxinspiration
school_lunchbox_inspo,lunch_obsessed
nuxlis.ch,lunchbox
kai_and_lunches,lunch_obsessed
kiddiefoodieadventures,school_lunchbox_inspo
home_life_creations,lunchinspo
teukoapp,fortheloveof_lunchboxes
jeeaayanu_kitchen,recipeideas
glimpseatgrace,lunchideas
my_chef_and_me,homecookingcollective
tamarikibento,chrisnicol_lunchboxes
luxefamilyathome,recipes
mygrubhub,recipeoftheday
bentokidslunch,lunch_obsessed
delightedtoshare,homecookingcollective
plantbasedschoollunches,thatlunchboxmom
dutchmansgold,recipeideas
simplebreakfastfun,fortheloveof_lunchboxes
foodjourneyswithjerry,thatlunchboxmom
loveindabba,fortheloveof_lunchboxes
seaweedsupermarket,fortheloveof_lunchboxes
my.twinado.life,lunch_obsessed
turmerixqueensland,lunchinspo
atozmom85,tavvakitchen
the_toy_chest_au,school_lunchbox_inspo
chamaddict,lunchbox
mrs.lillireimer,lunch_obsessed
jimungee,fortheloveof_lunchboxes
bon_appefit_bylien,homecookingcollective
dailybread369,school_lunchbox_inspo
eatz.nyc,homecookingcollective
dailybread369,school_lunchbox_inspo
kira_johnston1990,chrisnicol_lunchboxes
ingredientsfromtheheart,homecookingcollective
healthy_food_by__b,healthyrecipes
colddustgrl,bento_box_lunches
seaclairedrinks,homecookingcollective
teukoapp,fortheloveof_lunchboxes
eatz.nyc,homecookingcollective
grubsforbubs,litaloveslunch
theyachtcookie,lunchinspo
grubsforbubs,litaloveslunch
null,chrisnicol_lunchboxes
petersflseafood,homecookingcollective
loveindabba,fortheloveof_lunchboxes
maspices.surat,recipeoftheday
null,null
grubgrub23,thatlunchboxmom
georgiawoodleigh,chrisnicol_lunchboxes
mycutiesfunfoods,chrisnicol_lunchboxes
sweetescapespa209,thatlunchboxmom
obsessed_lunchboxmum,chrisnicol_lunchboxes
pinkladyamerica,recipeideas
sandrasfikaomat,lunchinspo
petersflseafood,homecookingcollective
lunchesformymunchkins,chrisnicol_lunchboxes
dailybread369,school_lunchbox_inspo
null,null
skrmhk,lunchbox
mad.basketball,chrisnicol_lunchboxes
azziah_harun,school_lunchbox_inspo
naty_shoot,homecookingcollective
kumazkyoko,bentoboxlunch
simplebreakfastfun,fortheloveof_lunchboxes
thebookishcookier,thatlunchboxmom
lunchlifemama,chrisnicol_lunchboxes
mothering_sass_and_spunk,lunchboxinspiration
pinchables,lunchinspo
grubsforbubs,litaloveslunch
pickledpinkfoods,recipeideas
evelyns_lunchbox,fortheloveof_lunchboxes
eatz.nyc,homecookingcollective
naijacanadianbentomom,lunch_obsessed
null,lunchinspo
jeeaayanu_kitchen,recipeideas
my.twinado.life,chrisnicol_lunchboxes
seaweedsupermarket,fortheloveof_lunchboxes
kareniscooking_sw,recipeoftheday
mama26ducklins,homecookingcollective
labeightonn,homecookingcollective
null,bentoboxlunch
the_slimanis21,bento_box_lunches
ailunarai,litaloveslunch
yaksha_spices,recipeoftheday
simplebreakfastfun,fortheloveof_lunchboxes
flavioportino,homecookingcollective
snoopskitchen,recipeideas
portiabelloclowndes,homecookingcollective
minoti_patel,bentoboxlunch
hanns_heaven,lunchinspo
lunchesformymunchkins,fortheloveof_lunchboxes
ilovelunches,lunch_obsessed
nahmakan.id,recipeoftheday
brownieshitsbandung,bentoboxlunch
bentounboxed,fortheloveof_lunchboxes
little_hungry_tummies,fortheloveof_lunchboxes
wearemtjl,chrisnicol_lunchboxes
scarlettslunchbox,lunchboxinspiration
hl_1997,lunch_obsessed
royal_ss_music9772,thatlunchboxmom
anja_qaisir_nadeem_dresden,school_lunchbox_inspo
lacocinadkat,recipeoftheday
my.twinado.life,chrisnicol_lunchboxes
bentojaponaise,lunch_obsessed
amydkw,lunch_obsessed
thewanderlustlondonmum,thatlunchboxmom
hl_1997,lunch_obsessed
lunchesformymunchkins,fortheloveof_lunchboxes
grubgrub23,thatlunchboxmom
tomokayabento,school_lunchbox_inspo
lilaslunchbox,school_lunchbox_inspo
kai_and_lunches,lunch_obsessed
jonoslunchbox,lunchbox
chillas_table,recipeoftheday
seaweedsupermarket,fortheloveof_lunchboxes
jessy.compote,recipeoftheday
little_hungry_tummies,fortheloveof_lunchboxes
ika_meihui,homecookingcollective
cooktasteofficial,homecookingcollective
my.twinado.life,lunch_obsessed
ncdez_02,recipeoftheday
jaisbentobox,bentoboxlunch
alisharicetattoo,bento_box_lunches
null,lunch_obsessed
lynseys_lunches,fortheloveof_lunchboxes
cooktasteofficial,homecookingcollective
petersflseafood,homecookingcollective
peikanbento,lunchbox
britishsausageco,lunch_obsessed
priyankascakecreations,thatlunchboxmom
bentokidslunch,lunch_obsessed
petersflseafood,homecookingcollective
null,healthyrecipes
laurenl412,lunch_obsessed
kiddiefoodieadventures,school_lunchbox_inspo
null,chrisnicol_lunchboxes
mycutiesfunfoods,chrisnicol_lunchboxes
royal_ss_music9772,thatlunchboxmom
jermainemorton,homecookingcollective
ghagengates,bento_box_lunches
teukoapp,fortheloveof_lunchboxes
heidisboble,lunch_obsessed
koyekoffiedmond,lunch_obsessed
_apples_and_bananas,lunch_obsessed
azziah_harun,school_lunchbox_inspo
priyankascakecreations,thatlunchboxmom
null,homecookingcollective
noahs.nibbles,school_lunchbox_inspo
kidskitchengh,chrisnicol_lunchboxes
eatz.nyc,homecookingcollective
aldisbuys,lunchboxinspiration
alisharicetattoo,bento_box_lunches
beyond.my.kitchen,healthyrecipes
smaktujest.official,lunchideas
lunchbox.envy,lunch_obsessed
moon_tast._millennials,bento_box_lunches
ailunarai,litaloveslunch
getwiththeprogrammenow,recipeideas
bling_spice_n_everything_nice,homecookingcollective
kimsayid,homecookingcollective
alisharicetattoo,bento_box_lunches
mybento_aus,lunch_obsessed
cape_chef,homecookingcollective
foodandfoodies5,lunchideas
theveggie_mic,healthyrecipes
kiddiefoodieadventures,school_lunchbox_inspo
pro.basic.rights,thatlunchboxmom
lilaslunchbox,school_lunchbox_inspo
windsor__foodie,lunchinspo
newworldnz,recipeoftheday
mrs.lillireimer,lunch_obsessed
tomokayabento,school_lunchbox_inspo
caitlynn.sarah,tavvakitchen
sandrasfikaomat,lunchinspo
greedy.yoyo,healthyrecipes
school_lunchbox_inspo,lunch_obsessed
alicecripps_,homecookingcollective
jojoeatsbrunei,lunch_obsessed
koyekoffiedmond,lunch_obsessed
bagtaesun5080,thatlunchboxmom
makinglittlelunches,lunch_obsessed
a_daring_girl,thatlunchboxmom
hungrylioness,bentoboxlunch
fitfoodiecait,lunchinspo
dfs_chef,homecookingcollective
cookwithchaz,recipeideas
shelly.veronika,chrisnicol_lunchboxes
hilariousfoodydude,thatlunchboxmom
thesweetycake_,bentoboxlunch
cheylifestyle,recipeideas
sandraleeyuhpthatsme,recipes
null,homecookingcollective
melly201286,homecookingcollective
azziah_harun,school_lunchbox_inspo
bon_appefit_bylien,homecookingcollective
bentokidslunch,lunch_obsessed
tspott,homecookingcollective
marwallpods,lunchboxinspiration
the_plant_nerd,bento_box_lunches
portiabelloclowndes,homecookingcollective
fulmagic,healthyrecipes
veganketoaf,thatlunchboxmom
seaweedsupermarket,fortheloveof_lunchboxes
imadethisbento,chrisnicol_lunchboxes
char.char.mama,bentoboxlunch
mamma_n_meera,thatlunchboxmom
school_lunchbox_inspo,lunch_obsessed
null,null
mad.basketball,chrisnicol_lunchboxes
evelyns_lunchbox,fortheloveof_lunchboxes
sunshine.in.the.woods29,tavvakitchen
thesweetycake_,bentoboxlunch
australianvegans,thatlunchboxmom
teukoapp,fortheloveof_lunchboxes
cookingonanudget1,lunchideas
my_chef_and_me,homecookingcollective
by_engyzein,healthyrecipes
laurenl412,lunch_obsessed
mybento_aus,school_lunchbox_inspo
australianvegans,thatlunchboxmom
pausenbrotjunkie,null
nusica_official,recipeoftheday
australian.grown.naturals,school_lunchbox_inspo
obento_y2020,lunchbox
foodfeast.lb,homecookingcollective
pickyhealthylunchbox,lunchboxinspiration
healthy_diet_tips_for_you_,healthyrecipes
pro.basic.rights,thatlunchboxmom
the.bluebento,chrisnicol_lunchboxes
yuanabout,lunch_obsessed
amydkw,lunch_obsessed
easy_familienkueche,fortheloveof_lunchboxes
prashastimaharshi,thatlunchboxmom
teukoapp,fortheloveof_lunchboxes
naijacanadianbentomom,lunch_obsessed
fromhilaryskitchen,recipeideas
simplebreakfastfun,fortheloveof_lunchboxes
tjfitnesscoaching,recipeideas
bentokidslunch,lunch_obsessed
trainhush,healthyrecipes
world.of.yuvi,thatlunchboxmom
school_lunchbox_inspo,lunch_obsessed
thebacontarian,bento_box_lunches
cookingwiththeaverys,homecookingcollective
lexyphan24,homecookingcollective
caitlynn.sarah,tavvakitchen
seaweedsupermarket,fortheloveof_lunchboxes
acoupleofoodnuts,homecookingcollective
heidisboble,lunch_obsessed
jermainemorton,homecookingcollective
simplebreakfastfun,fortheloveof_lunchboxes
sharinazredwan,healthyrecipes
payaldubey__,recipeoftheday
madpakkemaskinen,school_lunchbox_inspo
fooddie_mood,homecookingcollective
amazing.grace.flowers,litaloveslunch
kianaanoriko,homecookingcollective
foodjourneyswithjerry,thatlunchboxmom
mybento_aus,lunch_obsessed
theyumboxmama,litaloveslunch
ibislunch,fortheloveof_lunchboxes
janethskitchen,recipeideas
fooda_ndsnack,lunch_obsessed
healthcoachsneha,healthyrecipes
streusel.ch,recipes
pascalestable,bentoboxlunch
foodfeast.lb,homecookingcollective
aakriti05jindal,chrisnicol_lunchboxes
a_daring_girl,thatlunchboxmom
koyekoffiedmond,lunch_obsessed
shaza_enterprise,recipeoftheday
tamara__b_,recipeoftheday
withlove_marcel_xx,healthyrecipes
null,school_lunchbox_inspo
crunchymamainthesix,chrisnicol_lunchboxes
the_toy_chest_au,school_lunchbox_inspo
seaweedsupermarket,fortheloveof_lunchboxes
nadinestoop,fortheloveof_lunchboxes
tamagosennpai,bentoboxlunch
cookwithus2021,recipeoftheday
australian.grown.naturals,school_lunchbox_inspo
wooptonight,tavvakitchen
colangelobrothersfoodmarket,recipeideas
rawsomerecipes,recipeideas
ed_her6,homecookingcollective
alisharicetattoo,bento_box_lunches
null,bentoboxlunch
naijacanadianbentomom,lunch_obsessed
chickenfriedkitchen,recipeoftheday
dr.harrisoncenterfm,recipes
food_plants_and_more,bentoboxlunch
moon_tast._millennials,bento_box_lunches
world.of.yuvi,thatlunchboxmom
lilaslunchbox,fortheloveof_lunchboxes
foodjourneyswithjerry,thatlunchboxmom
livmor.health.fitness,healthyrecipes
mycutiesfunfoods,chrisnicol_lunchboxes
school_lunchbox_inspo,lunch_obsessed
lunchwithsebastian,lunch_obsessed
financecorp_mortgagebroker,fortheloveof_lunchboxes
_amandarenee,healthyrecipes
kianaanoriko,homecookingcollective
putu_charlie,lunchideas
seaclairedrinks,homecookingcollective
mummytomkins,lunch_obsessed
claudia_ebens_ayurveda,lunchboxinspiration
madpakkemaskinen,school_lunchbox_inspo
jojoeatsbrunei,lunch_obsessed
bentojaponaise,lunch_obsessed
kaylafelice722,homecookingcollective
easy_familienkueche,fortheloveof_lunchboxes
theshimmyshimmyco,thatlunchboxmom
wearemtjl,chrisnicol_lunchboxes
portiabelloclowndes,homecookingcollective
priyankascakecreations,thatlunchboxmom
lunchesformymunchkins,chrisnicol_lunchboxes
bake_glutenfree,healthyrecipes
mummytomkins,lunch_obsessed
little_hungry_tummies,fortheloveof_lunchboxes
the.bluebento,chrisnicol_lunchboxes
null,null
michellej_ayne,fortheloveof_lunchboxes
bizmilla.kitchen,lunchbox
theshimmyshimmyco,thatlunchboxmom
yongsunny5,chrisnicol_lunchboxes
pantry.of.life,bentoboxlunch
seafoodfromnorway_uk,lunchinspo
grubgrub23,thatlunchboxmom
veganketoaf,thatlunchboxmom
tasty.with.dolly,healthyrecipes
tspott,homecookingcollective
gollykaiafit,recipes
lunchwithsebastian,lunch_obsessed
na_pelnych_garach,lunchboxinspiration
sjuktgott.se,lunchinspo
moon_tast._millennials,bento_box_lunches
munchi_kids,litaloveslunch
kai_and_lunches,lunch_obsessed
lynseys_lunches,fortheloveof_lunchboxes
moon_tast._millennials,bento_box_lunches
dott.ssa_racheleaspesi,healthyrecipes
mama26ducklins,homecookingcollective
null,chrisnicol_lunchboxes
underbakedisbest,thatlunchboxmom
kaya_nirmanam,recipeoftheday
itsmaethemutt,recipes
flavioportino,homecookingcollective
moon_tast._millennials,bento_box_lunches
lunch_obsessed,litaloveslunch
teukoapp,fortheloveof_lunchboxes
thewanderlustlondonmum,thatlunchboxmom
simplebreakfastfun,fortheloveof_lunchboxes
null,fortheloveof_lunchboxes
moj.kutak.recepti,recipes
sandrasfikaomat,lunchinspo
kira_johnston1990,chrisnicol_lunchboxes
michellej_ayne,fortheloveof_lunchboxes
kimsayid,homecookingcollective
ghagengates,bento_box_lunches
waterattackpressurewashing,chrisnicol_lunchboxes
nickyveysey,tavvakitchen
easyeatyerevan,lunchideas
healthygrocerygirl,healthyrecipes
null,null
moon_tast._millennials,bento_box_lunches
jeeaayanu_kitchen,recipeideas
ibislunch,fortheloveof_lunchboxes
fiveplustoday,recipeoftheday
mohueilly,lunchbox
lunchesformymunchkins,fortheloveof_lunchboxes
jeeaayanu_kitchen,recipeideas
moon_tast._millennials,bento_box_lunches
kiddiefoodieadventures,fortheloveof_lunchboxes
crunchymamainthesix,chrisnicol_lunchboxes
pcos_moja_podroz,lunchbox
georgiawoodleigh,chrisnicol_lunchboxes
wearemtjl,lunch_obsessed
drinksonhouse,lunch_obsessed
thesweetycake_,bentoboxlunch
jimungee,fortheloveof_lunchboxes
ingredientsfromtheheart,homecookingcollective
mycutiesfunfoods,chrisnicol_lunchboxes
botanistbee,lunchinspo
school_lunchbox_inspo,chrisnicol_lunchboxes
shanrain10,bento_box_lunches
lilaslunchbox,school_lunchbox_inspo
workhorse_ransom,healthyrecipes
sw_sammie_26_87,healthyrecipes
portiabelloclowndes,homecookingcollective
theavocadofactory,lunchinspo
portiabelloclowndes,homecookingcollective
evelyns_lunchbox,fortheloveof_lunchboxes
pickle.ph,lunchboxinspiration
stephmichelle123,fortheloveof_lunchboxes
laura_bruj,tavvakitchen
tjetakdotcom,lunchbox
cooking_time_bd,recipes
the.bluebento,chrisnicol_lunchboxes
941srq,thatlunchboxmom
kiddiefoodieadventures,fortheloveof_lunchboxes